ts,mem_avail_mb,mem_free_mb,cached_mb,buffers_mb,swap_free_mb,swap_total_mb,pinned_kb,mlocked_kb,psi_some_avg10,psi_full_avg10,vmrss_mb,vmpin_mb,vmswap_mb,vmlck_mb,vram_used_mb,vram_free_mb
1779672881.7415714,14872,3031,14772,0,63994,67583,0,64,0.21,0.21,267,0,0,0,409,23673
1779672881.8414798,14845,3003,14772,0,63994,67583,0,64,0.21,0.21,251,0,0,0,409,23673
1779672881.940935,14862,3020,14772,0,63994,67583,0,64,0.21,0.21,251,0,0,0,409,23673
1779672882.0405169,14846,3005,14772,0,63994,67583,0,64,0.17,0.17,259,0,0,0,409,23673
1779672882.1416354,14847,3005,14772,0,63994,67583,0,64,0.17,0.17,267,0,0,0,409,23673
1779672882.2404082,14844,3002,14772,0,63994,67583,0,64,0.17,0.17,1316,0,0,0,409,23673
1779672882.3405566,14816,2975,14772,0,63994,67583,0,64,0.17,0.17,2739,0,0,0,409,23673
1779672882.4402966,14788,2946,14772,0,63994,67583,0,64,0.17,0.17,4184,0,0,0,409,23673
1779672882.540343,14786,2945,14772,0,63994,67583,0,64,0.17,0.17,5671,0,0,0,409,23673
1779672882.6404731,14780,2939,14772,0,63994,67583,0,64,0.17,0.17,7183,0,0,0,409,23673
1779672882.740294,14780,2939,14772,0,63994,67583,0,64,0.17,0.17,8696,0,0,0,409,23673
1779672882.840623,14768,2927,14772,0,63994,67583,0,64,0.17,0.17,10207,0,0,0,409,23673
1779672882.940184,14775,2933,14772,0,63994,67583,0,64,0.17,0.17,11719,0,0,0,409,23673
1779672883.0405884,14772,2908,14794,0,63994,67583,0,64,0.17,0.17,12354,0,0,0,409,23673
1779672883.1403913,14768,2865,14833,0,63994,67583,0,64,0.17,0.17,12393,0,0,0,409,23673
1779672883.2404985,14762,2821,14872,0,63994,67583,0,64,0.17,0.17,12432,0,0,0,409,23673
1779672883.3407135,14772,2792,14910,0,63994,67583,0,64,0.17,0.17,12470,0,0,0,409,23673
1779672883.4405944,14749,2732,14947,0,63994,67583,0,64,0.17,0.17,12507,0,0,0,409,23673
1779672883.5404758,14774,2718,14986,0,63994,67583,0,64,0.17,0.17,12546,0,0,0,409,23673
1779672883.6409502,14777,2682,15025,0,63994,67583,0,64,0.17,0.17,12586,0,0,0,409,23673
1779672883.740805,14739,2605,15064,0,63994,67583,0,64,0.17,0.17,12624,0,0,0,409,23673
1779672883.840479,14717,2544,15103,0,63994,67583,0,64,0.17,0.17,12663,0,0,0,409,23673
1779672883.9406917,14743,2531,15142,0,63994,67583,0,64,0.17,0.17,12703,0,0,0,409,23673
1779672884.0411792,14735,2484,15182,0,63994,67583,0,64,0.17,0.17,12742,0,0,0,409,23673
1779672884.1404266,14749,2459,15221,0,63994,67583,0,64,0.14,0.14,12781,0,0,0,409,23673
1779672884.2404838,14800,2470,15260,0,63994,67583,0,64,0.14,0.14,12820,0,0,0,409,23673
1779672884.3404708,14786,2418,15299,0,63994,67583,0,64,0.14,0.14,12859,0,0,0,409,23673
1779672884.4406266,14800,2395,15336,0,63994,67583,0,64,0.14,0.14,12896,0,0,0,409,23673
1779672884.540472,14793,2349,15374,0,63994,67583,0,64,0.14,0.14,12935,0,0,0,409,23673
1779672884.6404727,14784,2301,15413,0,63994,67583,0,64,0.14,0.14,12973,0,0,0,409,23673
1779672884.7408712,14783,2262,15451,0,63994,67583,0,64,0.14,0.14,13012,0,0,0,409,23673
1779672884.8405635,14771,2211,15491,0,63994,67583,0,64,0.14,0.14,13050,0,0,0,409,23673
1779672884.9405758,14758,2159,15529,0,63994,67583,0,64,0.14,0.14,13089,0,0,0,409,23673
1779672885.040785,14787,2150,15568,0,63994,67583,0,64,0.14,0.14,13128,0,0,0,409,23673
1779672885.1404495,14768,2093,15606,0,63994,67583,0,64,0.14,0.14,13166,0,0,0,409,23673
1779672885.2405784,14784,2069,15645,0,63994,67583,0,64,0.14,0.14,13205,0,0,0,409,23673
1779672885.3408237,14788,2034,15684,0,63994,67583,0,64,0.14,0.14,13244,0,0,0,409,23673
1779672885.4410884,14794,2001,15723,0,63994,67583,0,64,0.14,0.14,13283,0,0,0,409,23673
1779672885.5409765,14795,1966,15760,0,63994,67583,0,64,0.14,0.14,13320,0,0,0,409,23673
1779672885.6405885,14782,1914,15798,0,63994,67583,0,64,0.14,0.14,13359,0,0,0,409,23673
1779672885.740824,14753,1846,15838,0,63994,67583,0,64,0.14,0.14,13400,0,0,0,409,23673
1779672885.840732,14783,1838,15876,0,63994,67583,0,64,0.14,0.14,13438,0,0,0,409,23673
1779672885.9408548,14756,1771,15915,0,63994,67583,0,64,0.14,0.14,13488,0,0,0,409,23673
1779672886.0404062,14767,1743,15954,0,63994,67583,0,64,0.14,0.14,13527,0,0,0,409,23673
1779672886.140361,14740,1677,15994,0,63994,67583,0,64,0.11,0.11,13567,0,0,0,409,23673
1779672886.240495,14725,1622,16033,0,63994,67583,0,64,0.11,0.11,13610,0,0,0,409,23673
1779672886.340702,14730,1589,16072,0,63994,67583,0,64,0.11,0.11,13649,0,0,0,409,23673
1779672886.4406955,14729,1549,16111,0,63994,67583,0,64,0.11,0.11,13688,0,0,0,409,23673
1779672886.5408418,14702,1486,16147,0,63994,67583,0,64,0.11,0.11,13724,0,0,0,409,23673
1779672886.6409252,14699,1446,16183,0,63994,67583,0,64,0.11,0.11,13762,0,0,0,409,23673
1779672886.7414365,14700,1414,16216,0,63994,67583,0,64,0.11,0.11,13795,0,0,0,409,23673
1779672886.8421524,14722,1398,16254,0,63994,67583,0,64,0.11,0.11,13833,0,0,0,409,23673
1779672886.9422984,14751,1389,16292,0,63994,67583,0,64,0.11,0.11,13871,0,0,0,409,23673
1779672887.0423598,14752,1367,16329,0,63994,67583,0,64,0.11,0.11,13908,0,0,0,409,23673
1779672887.1420178,14721,1344,16366,0,63994,67583,0,64,0.11,0.11,13945,0,0,0,409,23673
1779672887.241431,14703,1628,16110,0,63994,67583,0,64,0.11,0.11,13982,0,0,0,409,23673
1779672887.341419,14669,1557,16147,0,63994,67583,0,64,0.11,0.11,14020,0,0,0,409,23673
1779672887.4410987,14659,1507,16186,0,63994,67583,0,64,0.11,0.11,14058,0,0,0,409,23673
1779672887.5409591,14743,1501,16173,0,63994,67583,0,64,0.11,0.11,14094,0,0,0,409,23673
1779672887.6409376,14733,1452,16211,0,63994,67583,0,64,0.11,0.11,14133,0,0,0,409,23673
1779672887.7407925,14760,1491,16202,0,63994,67583,0,64,0.11,0.11,14171,0,0,0,409,23673
1779672887.8416095,14735,1427,16240,0,63994,67583,0,64,0.11,0.11,14209,0,0,0,409,23673
1779672887.9434142,15185,1881,16238,0,63993,67583,0,64,0.11,0.11,14241,0,0,0,409,23673
1779672888.0429258,15293,1960,16268,0,63945,67583,0,64,0.11,0.11,14274,0,0,0,409,23673
1779672888.1431339,15281,1921,16295,0,63945,67583,0,64,1.54,1.54,14301,0,0,0,409,23673
1779672888.2427328,15297,1911,16320,0,63945,67583,0,64,1.54,1.54,14327,0,0,0,409,23673
1779672888.342421,15320,1909,16346,0,63945,67583,0,64,1.54,1.54,14353,0,0,0,409,23673
1779672888.4423664,15286,1850,16371,0,63945,67583,0,64,1.54,1.54,14378,0,0,0,409,23673
1779672888.5417972,15318,1855,16398,0,63945,67583,0,64,1.54,1.54,14404,0,0,0,409,23673
1779672888.6418405,15290,1802,16424,0,63945,67583,0,64,1.54,1.54,14430,0,0,0,409,23673
1779672888.7423651,15310,1797,16448,0,63945,67583,0,64,1.54,1.54,14455,0,0,0,409,23673
1779672888.8419218,15321,1779,16476,0,63945,67583,0,64,1.54,1.54,14483,0,0,0,409,23673
1779672888.9420936,15297,1729,16504,0,63945,67583,0,64,1.54,1.54,14510,0,0,0,409,23673
1779672889.0415483,15319,1723,16531,0,63945,67583,0,64,1.54,1.54,14537,0,0,0,409,23673
1779672889.1415877,15304,1692,16544,0,63945,67583,0,64,1.54,1.54,14563,0,0,0,409,23673
1779672889.2415733,15325,1687,16570,0,63945,67583,0,64,1.54,1.54,14590,0,0,0,409,23673
1779672889.3412917,15337,1672,16597,0,63945,67583,0,64,1.54,1.54,14617,0,0,0,409,23673
1779672889.4409115,15312,1620,16622,0,63945,67583,0,64,1.54,1.54,14642,0,0,0,409,23673
1779672889.5414982,15326,1597,16660,0,63945,67583,0,64,1.54,1.54,14680,0,0,0,409,23673
1779672889.6423707,15237,1470,16699,0,63945,67583,0,64,1.54,1.54,14719,0,0,0,409,23673
1779672889.741209,15216,1409,16738,0,63945,67583,0,64,1.54,1.54,14758,0,0,0,409,23673
1779672889.8453887,15544,1718,16756,0,63913,67583,0,64,1.54,1.54,14793,0,0,0,409,23673
1779672889.9416742,15552,1689,16793,0,63909,67583,0,64,1.54,1.54,14829,0,0,0,409,23673
1779672890.0418983,15563,1663,16831,0,63909,67583,0,64,1.54,1.54,14868,0,0,0,409,23673
1779672890.1432662,15563,1624,16869,0,63909,67583,0,64,4.52,4.34,14906,0,0,0,409,23673
1779672890.2417057,15503,1540,16894,0,63909,67583,0,64,4.52,4.34,14931,0,0,0,409,23673
1779672890.3408098,15533,1544,16920,0,63909,67583,0,64,4.52,4.34,14957,0,0,0,409,23673
1779672890.4413216,15505,1489,16946,0,63909,67583,0,64,4.52,4.34,14983,0,0,0,409,23673
1779672890.5422752,15543,1501,16973,0,63909,67583,0,64,4.52,4.34,15010,0,0,0,409,23673
1779672890.6433663,15526,1455,17002,0,63909,67583,0,64,4.52,4.34,15039,0,0,0,409,23673
1779672890.7418096,15511,1410,17031,0,63909,67583,0,64,4.52,4.34,15068,0,0,0,409,23673
1779672890.8438828,15492,1462,17005,0,63855,67583,0,64,4.52,4.34,15088,0,0,0,409,23673
1779672890.9428039,15532,1490,17007,0,63795,67583,0,64,4.52,4.34,15113,0,0,0,409,23673
1779672891.0736709,15490,1438,17018,0,63723,67583,0,64,4.52,4.34,15140,0,0,0,409,23673
1779672891.143647,15547,1474,17038,0,63665,67583,0,64,4.52,4.34,15165,0,0,0,409,23673
1779672891.2425559,15588,1488,17065,0,63588,67583,0,64,4.52,4.34,15192,0,0,0,409,23673
1779672891.3441935,15560,1459,17067,0,63545,67583,0,64,4.52,4.34,15219,0,0,0,409,23673
1779672891.4426212,15537,1476,17026,0,63538,67583,0,64,4.52,4.34,15179,0,0,0,409,23673
1779672891.542871,15565,1774,16755,0,63538,67583,0,64,4.52,4.34,14909,0,0,0,409,23673
1779672891.643024,15582,2066,16481,0,63538,67583,0,64,4.52,4.34,14635,0,0,0,409,23673
1779672891.7432008,15564,2316,16212,0,63538,67583,0,64,4.52,4.34,14366,0,0,0,409,23673
1779672891.8433218,15584,2613,15936,0,63538,67583,0,64,4.52,4.34,14090,0,0,0,409,23673
1779672891.9421182,15604,2738,15777,0,63538,67583,0,64,4.52,4.34,13931,0,0,0,409,23673
1779672892.0420947,15606,2714,15802,0,63538,67583,0,64,4.52,4.34,13957,0,0,0,409,23673
1779672892.1423607,15627,2709,15829,0,63538,67583,0,64,5.33,5.18,13984,0,0,0,409,23673
1779672892.2424898,15634,2690,15855,0,63538,67583,0,64,5.33,5.18,14010,0,0,0,409,23673
1779672892.34251,15602,2632,15881,0,63538,67583,0,64,5.33,5.18,14036,0,0,0,409,23673
1779672892.4425468,15565,2570,15908,0,63538,67583,0,64,5.33,5.18,14063,0,0,0,409,23673
1779672892.5431352,15390,2367,15934,0,63538,67583,0,64,5.33,5.18,14089,0,0,0,409,23673
1779672892.643692,15393,2343,15961,0,63538,67583,0,64,5.33,5.18,14115,0,0,0,409,23673
1779672892.7438824,15421,2345,15987,0,63538,67583,0,64,5.33,5.18,14142,0,0,0,409,23673
1779672892.841385,15386,2284,16013,0,63538,67583,0,64,5.33,5.18,14167,0,0,0,409,23673
1779672892.9414463,15427,2299,16039,0,63538,67583,0,64,5.33,5.18,14193,0,0,0,409,23673
1779672893.0409932,15420,2266,16064,0,63538,67583,0,64,5.33,5.18,14218,0,0,0,409,23673
1779672893.140963,15462,2284,16089,0,63538,67583,0,64,5.33,5.18,14243,0,0,0,409,23673
1779672893.2419968,15495,2291,16115,0,63538,67583,0,64,5.33,5.18,14269,0,0,0,409,23673
1779672893.342019,15465,2235,16141,0,63538,67583,0,64,5.33,5.18,14295,0,0,0,409,23673
1779672893.4416265,15490,2233,16169,0,63538,67583,0,64,5.33,5.18,14323,0,0,0,409,23673
1779672893.5413835,15511,2226,16195,0,63538,67583,0,64,5.33,5.18,14349,0,0,0,409,23673
1779672893.6421745,15468,2156,16222,0,63538,67583,0,64,5.33,5.18,14376,0,0,0,409,23673
1779672893.7418754,15497,2159,16249,0,63538,67583,0,64,5.33,5.18,14403,0,0,0,409,23673
1779672893.8423712,15510,2145,16276,0,63538,67583,0,64,5.33,5.18,14430,0,0,0,409,23673
1779672893.9416115,15469,2077,16302,0,63538,67583,0,64,5.33,5.18,14456,0,0,0,409,23673
1779672894.0413156,15515,2109,16316,0,63538,67583,0,64,5.33,5.18,15051,0,0,0,409,23673
1779672894.1416132,15504,2098,16316,0,63538,67583,0,64,5.45,5.33,16190,0,0,0,17249,6833
1779672894.2414627,15510,2075,16346,0,63538,67583,0,64,5.45,5.33,16219,0,0,0,17249,6833
1779672894.341577,15493,2034,16370,0,63538,67583,0,64,5.45,5.33,16244,0,0,0,17249,6833
1779672894.4414997,15446,1963,16394,0,63538,67583,0,64,5.45,5.33,16268,0,0,0,17249,6833
1779672894.5414143,15473,1964,16420,0,63538,67583,0,64,5.45,5.33,16294,0,0,0,17249,6833
1779672894.6407967,15441,1914,16438,0,63538,67583,0,64,5.45,5.33,16312,0,0,0,17249,6833
1779672894.7410374,15489,1954,16445,0,63538,67583,0,64,5.45,5.33,16319,0,0,0,17249,6833
1779672894.8413281,15436,1875,16472,0,63538,67583,0,64,5.45,5.33,16346,0,0,0,17249,6833
1779672894.9412358,15466,1879,16498,0,63538,67583,0,64,5.45,5.33,16372,0,0,0,17249,6833
1779672895.0417097,15454,1840,16524,0,63538,67583,0,64,5.45,5.33,16398,0,0,0,17249,6833
1779672895.1410325,15489,1848,16551,0,63538,67583,0,64,5.45,5.33,16425,0,0,0,17249,6833
1779672895.240954,15511,1846,16576,0,63538,67583,0,64,5.45,5.33,16449,0,0,0,17249,6833
1779672895.34109,15501,1810,16601,0,63538,67583,0,64,5.45,5.33,16475,0,0,0,17249,6833
1779672895.4408467,15507,1793,16626,0,63538,67583,0,64,5.45,5.33,16499,0,0,0,17249,6833
1779672895.542046,15532,1791,16652,0,63538,67583,0,64,5.45,5.33,16526,0,0,0,17249,6833
1779672895.6409779,15513,1748,16676,0,63538,67583,0,64,5.45,5.33,16550,0,0,0,17249,6833
1779672895.7420552,15593,1811,16692,0,63538,67583,0,64,5.45,5.33,16566,0,0,0,17249,6833
1779672895.8415303,15641,1846,16705,0,63538,67583,0,64,5.45,5.33,16579,0,0,0,17249,6833
1779672895.941351,15604,1796,16719,0,63538,67583,0,64,5.45,5.33,16593,0,0,0,17249,6833
1779672896.0409124,15633,1812,16731,0,63538,67583,0,64,5.45,5.33,16605,0,0,0,17249,6833
1779672896.1409786,15610,1783,16737,0,63538,67583,0,64,6.82,6.54,16611,0,0,0,17249,6833
1779672896.240903,15522,1690,16743,0,63538,67583,0,64,6.82,6.54,16617,0,0,0,17249,6833
1779672896.3413072,15503,1661,16753,0,63538,67583,0,64,6.82,6.54,16627,0,0,0,17249,6833
1779672896.4414737,15497,1617,16791,0,63538,67583,0,64,6.82,6.54,16665,0,0,0,17249,6833
1779672896.5414221,15527,1610,16827,0,63538,67583,0,64,6.82,6.54,16702,0,0,0,17249,6833
1779672896.6408036,15554,1599,16865,0,63538,67583,0,64,6.82,6.54,16740,0,0,0,17249,6833
1779672896.7414107,15536,1567,16879,0,63538,67583,0,64,6.82,6.54,16754,0,0,0,17249,6833
1779672896.8407674,15532,1557,16886,0,63538,67583,0,64,6.82,6.54,16760,0,0,0,17249,6833
1779672896.9414616,15535,1546,16900,0,63538,67583,0,64,6.82,6.54,16773,0,0,0,17249,6833
1779672897.0411701,15535,1529,16917,0,63538,67583,0,64,6.82,6.54,16791,0,0,0,17249,6833
1779672897.141698,15509,1466,16953,0,63538,67583,0,64,6.82,6.54,16827,0,0,0,17249,6833
1779672897.2416425,15506,1431,16986,0,63538,67583,0,64,6.82,6.54,16859,0,0,0,17249,6833
1779672897.3418608,15559,1698,16773,0,63537,67583,0,64,6.82,6.54,16648,0,0,0,17249,6833
1779672897.4421902,15567,1969,16508,0,63537,67583,0,64,6.82,6.54,16384,0,0,0,17249,6833
1779672897.5416565,15558,2248,16220,0,63537,67583,0,64,6.82,6.54,16096,0,0,0,17249,6833
1779672897.6418426,15567,2522,15955,0,63537,67583,0,64,6.82,6.54,15830,0,0,0,17249,6833
1779672897.7423918,15616,2842,15685,0,63537,67583,0,64,6.82,6.54,15561,0,0,0,17249,6833
1779672897.842109,15589,2866,15634,0,63537,67583,0,64,6.82,6.54,15510,0,0,0,17249,6833
1779672897.941711,15600,2840,15671,0,63537,67583,0,64,6.82,6.54,15547,0,0,0,17249,6833
1779672898.0415525,15588,2801,15697,0,63537,67583,0,64,6.82,6.54,15573,0,0,0,17249,6833
1779672898.1418526,15583,2769,15724,0,63537,67583,0,64,6.82,6.54,15600,0,0,0,17249,6833
1779672898.2422915,15537,2698,15751,0,63537,67583,0,64,8.3,7.89,15627,0,0,0,17249,6833
1779672898.3437111,15488,2625,15776,0,63537,67583,0,64,8.3,7.89,15652,0,0,0,17249,6833
1779672898.4424136,15404,2514,15802,0,63537,67583,0,64,8.3,7.89,15678,0,0,0,17249,6833
1779672898.5426474,15425,2508,15828,0,63537,67583,0,64,8.3,7.89,15704,0,0,0,17249,6833
1779672898.641014,15540,2596,15855,0,63537,67583,0,64,8.3,7.89,15731,0,0,0,17249,6833
1779672898.7416487,15524,2555,15879,0,63537,67583,0,64,8.3,7.89,15756,0,0,0,17249,6833
1779672898.8413749,15545,2550,15906,0,63537,67583,0,64,8.3,7.89,15782,0,0,0,17249,6833
1779672898.941636,15528,2507,15931,0,63537,67583,0,64,8.3,7.89,15808,0,0,0,17249,6833
1779672899.0409703,15534,2487,15958,0,63537,67583,0,64,8.3,7.89,15834,0,0,0,17249,6833
1779672899.1415365,15570,2497,15983,0,63537,67583,0,64,8.3,7.89,15860,0,0,0,17249,6833
1779672899.2425237,15506,2414,16003,0,63537,67583,0,64,8.3,7.89,15879,0,0,0,17249,6833
1779672899.3412747,15563,2465,16009,0,63537,67583,0,64,8.3,7.89,15885,0,0,0,17249,6833
1779672899.442083,15532,2412,16031,0,63537,67583,0,64,8.3,7.89,15908,0,0,0,17249,6833
1779672899.5412676,15544,2385,16069,0,63537,67583,0,64,8.3,7.89,15946,0,0,0,17249,6833
1779672899.6415043,15580,2383,16108,0,63537,67583,0,64,8.3,7.89,15985,0,0,0,17249,6833
1779672899.7412872,15563,2326,16147,0,63537,67583,0,64,8.3,7.89,16024,0,0,0,17249,6833
1779672899.8417962,15533,2267,16177,0,63537,67583,0,64,8.3,7.89,16053,0,0,0,17249,6833
1779672899.9411566,15557,2279,16189,0,63537,67583,0,64,8.3,7.89,16065,0,0,0,17249,6833
1779672900.0411496,15563,2278,16195,0,63537,67583,0,64,8.3,7.89,16071,0,0,0,17249,6833
1779672900.1412244,15556,2263,16204,0,63537,67583,0,64,8.3,7.89,16080,0,0,0,17249,6833
1779672900.2407548,15581,2264,16229,0,63537,67583,0,64,9.33,8.63,16105,0,0,0,17249,6833
1779672900.3411596,15602,2258,16255,0,63537,67583,0,64,9.33,8.63,16131,0,0,0,17249,6833
1779672900.4413443,15545,2176,16279,0,63537,67583,0,64,9.33,8.63,16156,0,0,0,17249,6833
1779672900.5407503,15603,2208,16305,0,63537,67583,0,64,9.33,8.63,16182,0,0,0,17249,6833
1779672900.6410315,15573,2153,16331,0,63537,67583,0,64,9.33,8.63,16207,0,0,0,17249,6833
1779672900.7412264,15573,2127,16357,0,63537,67583,0,64,9.33,8.63,16234,0,0,0,17249,6833
1779672900.8415115,15611,2136,16386,0,63537,67583,0,64,9.33,8.63,16262,0,0,0,17249,6833
1779672900.9420142,15639,2128,16421,0,63537,67583,0,64,9.33,8.63,16297,0,0,0,17249,6833
1779672901.0420434,15665,2116,16460,0,63537,67583,0,64,9.33,8.63,16336,0,0,0,17249,6833
1779672901.1414757,15628,2052,16487,0,63537,67583,0,64,9.33,8.63,16363,0,0,0,17249,6833
1779672901.2415535,15570,1964,16517,0,63537,67583,0,64,9.33,8.63,16393,0,0,0,17249,6833
1779672901.3412952,15549,1918,16542,0,63537,67583,0,64,9.33,8.63,16418,0,0,0,17249,6833
1779672901.4410312,15534,1876,16569,0,63537,67583,0,64,9.33,8.63,16445,0,0,0,17249,6833
1779672901.5410886,15522,1839,16594,0,63537,67583,0,64,9.33,8.63,16470,0,0,0,17249,6833
1779672901.6409783,15537,1827,16620,0,63537,67583,0,64,9.33,8.63,16496,0,0,0,17249,6833
1779672901.7407532,15582,1846,16646,0,63537,67583,0,64,9.33,8.63,16523,0,0,0,17249,6833
1779672901.8415601,15557,1792,16675,0,63537,67583,0,64,9.33,8.63,16552,0,0,0,17249,6833
1779672901.9415452,15582,1791,16702,0,63537,67583,0,64,9.33,8.63,16578,0,0,0,17249,6833
1779672902.041275,15613,1794,16729,0,63537,67583,0,64,9.33,8.63,16605,0,0,0,17249,6833
1779672902.141103,15582,1737,16755,0,63537,67583,0,64,9.33,8.63,16631,0,0,0,17249,6833
1779672902.2416975,15597,1733,16775,0,63537,67583,0,64,10.18,9.42,16651,0,0,0,17249,6833
1779672902.3412948,15568,1686,16792,0,63537,67583,0,64,10.18,9.42,16668,0,0,0,17249,6833
1779672902.441262,15524,1619,16815,0,63538,67583,0,64,10.18,9.42,16691,0,0,0,17249,6833
1779672902.541099,15532,1588,16854,0,63538,67583,0,64,10.18,9.42,16730,0,0,0,17249,6833
1779672902.640518,15546,1587,16869,0,63538,67583,0,64,10.18,9.42,16744,0,0,0,17249,6833
1779672902.741076,15516,1551,16876,0,63538,67583,0,64,10.18,9.42,16751,0,0,0,17249,6833
1779672902.841483,15457,1478,16889,0,63538,67583,0,64,10.18,9.42,16765,0,0,0,17249,6833
1779672902.9408846,15451,1446,16916,0,63538,67583,0,64,10.18,9.42,16791,0,0,0,17249,6833
1779672903.041333,15494,1463,16942,0,63538,67583,0,64,10.18,9.42,16816,0,0,0,17249,6833
1779672903.142024,15507,1536,16888,0,63537,67583,0,64,10.18,9.42,16765,0,0,0,17249,6833
1779672903.2422805,15513,1829,16601,0,63537,67583,0,64,10.18,9.42,16478,0,0,0,17249,6833
1779672903.3420882,15562,2159,16320,0,63537,67583,0,64,10.18,9.42,16196,0,0,0,17249,6833
1779672903.4416003,15559,2445,16031,0,63537,67583,0,64,10.18,9.42,15908,0,0,0,17249,6833
1779672903.5444424,15594,2764,15746,0,63537,67583,0,64,10.18,9.42,15622,0,0,0,17249,6833
1779672903.641161,15617,2959,15569,0,63540,67583,0,64,10.18,9.42,15445,0,0,0,17249,6833
1779672903.7413888,15579,2880,15609,0,63540,67583,0,64,10.18,9.42,15484,0,0,0,17249,6833
1779672903.840964,15531,2794,15647,0,63540,67583,0,64,10.18,9.42,15522,0,0,0,17249,6833
1779672903.941119,15580,2808,15682,0,63540,67583,0,64,10.18,9.42,15557,0,0,0,17249,6833
1779672904.0411167,15559,2748,15721,0,63540,67583,0,64,10.18,9.42,15596,0,0,0,17249,6833
1779672904.141441,15531,2680,15760,0,63540,67583,0,64,10.18,9.42,15635,0,0,0,17249,6833
1779672904.2426658,15459,2574,15796,0,63540,67583,0,64,10.33,9.53,15670,0,0,0,17249,6833
1779672904.3428156,15407,2505,15813,0,63540,67583,0,64,10.33,9.53,15688,0,0,0,17249,6833
1779672904.4403663,15394,2472,15832,0,63540,67583,0,64,10.33,9.53,15707,0,0,0,17249,6833
1779672904.5404687,15445,2483,15872,0,63540,67583,0,64,10.33,9.53,15747,0,0,0,17249,6833
1779672904.6402502,15481,2484,15906,0,63540,67583,0,64,10.33,9.53,15781,0,0,0,17249,6833
1779672904.7404137,15500,2488,15922,0,63540,67583,0,64,10.33,9.53,15797,0,0,0,17249,6833
1779672904.8405242,15468,2422,15956,0,63540,67583,0,64,10.33,9.53,15832,0,0,0,17249,6833
1779672904.9408915,15491,2404,15996,0,63540,67583,0,64,10.33,9.53,15871,0,0,0,17249,6833
1779672905.0405414,15496,2373,16033,0,63540,67583,0,64,10.33,9.53,15908,0,0,0,17249,6833
1779672905.1406279,15463,2312,16061,0,63540,67583,0,64,10.33,9.53,15935,0,0,0,17249,6833
1779672905.240772,15469,2279,16100,0,63540,67583,0,64,10.33,9.53,15975,0,0,0,17249,6833
1779672905.3405948,15475,2246,16139,0,63540,67583,0,64,10.33,9.53,16013,0,0,0,17249,6833
1779672905.4405816,15500,2233,16177,0,63540,67583,0,64,10.33,9.53,16052,0,0,0,17249,6833
1779672905.5403547,15468,2175,16203,0,63540,67583,0,64,10.33,9.53,16077,0,0,0,17249,6833
1779672905.640999,15458,2143,16225,0,63540,67583,0,64,10.33,9.53,16100,0,0,0,17249,6833
1779672905.7410765,15505,2150,16264,0,63540,67583,0,64,10.33,9.53,16139,0,0,0,17249,6833
1779672905.8410034,15494,2104,16300,0,63540,67583,0,64,10.33,9.53,16175,0,0,0,17249,6833
1779672905.9404466,15498,2090,16318,0,63540,67583,0,64,10.33,9.53,16192,0,0,0,17249,6833
1779672906.0406992,15517,2081,16345,0,63540,67583,0,64,10.33,9.53,16220,0,0,0,17249,6833
1779672906.1409218,15512,2037,16384,0,63540,67583,0,64,10.33,9.53,16259,0,0,0,17249,6833
1779672906.2415807,15450,1936,16423,0,63540,67583,0,64,8.45,7.8,16298,0,0,0,17249,6833
1779672906.3407753,15451,1902,16458,0,63540,67583,0,64,8.45,7.8,16333,0,0,0,17249,6833
1779672906.441069,15467,1879,16497,0,63540,67583,0,64,8.45,7.8,16372,0,0,0,17249,6833
1779672906.5406907,15451,1824,16536,0,63540,67583,0,64,8.45,7.8,16411,0,0,0,17249,6833
1779672906.6409688,15451,1786,16575,0,63540,67583,0,64,8.45,7.8,16450,0,0,0,17249,6833
1779672906.7406635,15439,1734,16614,0,63540,67583,0,64,8.45,7.8,16489,0,0,0,17249,6833
1779672906.840651,15414,1670,16653,0,63540,67583,0,64,8.45,7.8,16528,0,0,0,17249,6833
1779672906.9406893,15422,1639,16693,0,63540,67583,0,64,8.45,7.8,16568,0,0,0,17249,6833
1779672907.0405908,15436,1613,16732,0,63540,67583,0,64,8.45,7.8,16607,0,0,0,17249,6833
1779672907.1409767,15414,1552,16772,0,63540,67583,0,64,8.45,7.8,16646,0,0,0,17249,6833
1779672907.240572,15387,1487,16810,0,63540,67583,0,64,8.45,7.8,16685,0,0,0,17249,6833
1779672907.3406923,15394,1459,16845,0,63540,67583,0,64,8.45,7.8,16720,0,0,0,17249,6833
1779672907.4417362,15413,1441,16884,0,63540,67583,0,64,8.45,7.8,16759,0,0,0,17249,6833
1779672907.541689,15508,1811,16609,0,63539,67583,0,64,8.45,7.8,16484,0,0,0,17249,6833
1779672907.6407652,15547,2131,16328,0,63539,67583,0,64,8.45,7.8,16203,0,0,0,17249,6833
1779672907.7413719,15568,2434,16046,0,63539,67583,0,64,8.45,7.8,15921,0,0,0,17249,6833
1779672907.8413184,15558,2705,15765,0,63539,67583,0,64,8.45,7.8,15640,0,0,0,17249,6833
1779672907.9408402,15556,2930,15536,0,63539,67583,0,64,8.45,7.8,15411,0,0,0,17249,6833
1779672908.0403845,15541,2876,15575,0,63539,67583,0,64,8.45,7.8,15450,0,0,0,17249,6833
1779672908.1405165,15566,2862,15614,0,63539,67583,0,64,8.45,7.8,15489,0,0,0,17249,6833
1779672908.2406433,15551,2809,15652,0,63539,67583,0,64,8.01,7.47,15527,0,0,0,17249,6833
1779672908.3408709,15547,2772,15685,0,63539,67583,0,64,8.01,7.47,15560,0,0,0,17249,6833
1779672908.4414809,15497,2687,15721,0,63539,67583,0,64,8.01,7.47,15597,0,0,0,17249,6833
1779672908.5419216,15340,2492,15758,0,63539,67583,0,64,8.01,7.47,15634,0,0,0,17249,6833
1779672908.642184,15335,2451,15795,0,63539,67583,0,64,8.01,7.47,15670,0,0,0,17249,6833
1779672908.7405663,15331,2412,15829,0,63539,67583,0,64,8.01,7.47,15704,0,0,0,17249,6833
1779672908.841005,15284,2346,15848,0,63539,67583,0,64,8.01,7.47,15723,0,0,0,17249,6833
1779672908.9407382,15314,2336,15887,0,63539,67583,0,64,8.01,7.47,15762,0,0,0,17249,6833
1779672909.040766,15287,2270,15927,0,63539,67583,0,64,8.01,7.47,15801,0,0,0,17249,6833
1779672909.1406982,15288,2233,15966,0,63539,67583,0,64,8.01,7.47,15840,0,0,0,17249,6833
1779672909.2409036,15294,2199,16005,0,63539,67583,0,64,8.01,7.47,15880,0,0,0,17249,6833
1779672909.3409712,15276,2142,16044,0,63539,67583,0,64,8.01,7.47,15919,0,0,0,17249,6833
1779672909.4408371,15281,2114,16077,0,63539,67583,0,64,8.01,7.47,15952,0,0,0,17249,6833
1779672909.5408382,15308,2108,16109,0,63539,67583,0,64,8.01,7.47,15985,0,0,0,17249,6833
1779672909.6407835,15303,2064,16149,0,63539,67583,0,64,8.01,7.47,16024,0,0,0,17249,6833
1779672909.7407882,15273,1995,16188,0,63539,67583,0,64,8.01,7.47,16063,0,0,0,17249,6833
1779672909.8406835,15282,1969,16223,0,63539,67583,0,64,8.01,7.47,16098,0,0,0,17249,6833
1779672909.940816,15266,1935,16241,0,63539,67583,0,64,8.01,7.47,16115,0,0,0,17249,6833
1779672910.0404058,15221,1871,16260,0,63539,67583,0,64,8.01,7.47,16134,0,0,0,17249,6833
1779672910.1408942,15291,1905,16296,0,63539,67583,0,64,8.01,7.47,16171,0,0,0,17249,6833
1779672910.24057,15288,1867,16331,0,63539,67583,0,64,8.01,7.47,16206,0,0,0,17249,6833
1779672910.340822,15287,1847,16350,0,63539,67583,0,64,6.56,6.12,16225,0,0,0,17249,6833
1779672910.4405553,15276,1798,16387,0,63539,67583,0,64,6.56,6.12,16262,0,0,0,17249,6833
1779672910.5408661,15295,1779,16426,0,63539,67583,0,64,6.56,6.12,16301,0,0,0,17249,6833
1779672910.6406684,15290,1739,16461,0,63539,67583,0,64,6.56,6.12,16336,0,0,0,17249,6833
1779672910.740492,15278,1691,16497,0,63539,67583,0,64,6.56,6.12,16372,0,0,0,17249,6833
1779672910.8409083,15272,1646,16536,0,63539,67583,0,64,6.56,6.12,16411,0,0,0,17249,6833
1779672910.9405968,15302,1637,16575,0,63539,67583,0,64,6.56,6.12,16450,0,0,0,17249,6833
1779672911.0404406,15364,1664,16610,0,63539,67583,0,64,6.56,6.12,16485,0,0,0,17249,6833
1779672911.1407003,15332,1615,16628,0,63539,67583,0,64,6.56,6.12,16502,0,0,0,17249,6833
1779672911.240498,15374,1634,16650,0,63540,67583,0,64,6.56,6.12,16524,0,0,0,17249,6833
1779672911.340916,15337,1558,16688,0,63540,67583,0,64,6.56,6.12,16563,0,0,0,17249,6833
1779672911.440083,15325,1513,16722,0,63540,67583,0,64,6.56,6.12,16596,0,0,0,17249,6833
1779672911.5402915,15297,1468,16739,0,63540,67583,0,64,6.56,6.12,16613,0,0,0,17249,6833
1779672911.6407907,15336,1474,16771,0,63540,67583,0,64,6.56,6.12,16646,0,0,0,17249,6833
1779672911.741463,15372,1616,16676,0,63539,67583,0,64,6.56,6.12,16552,0,0,0,17249,6833
1779672911.8412864,15383,1912,16392,0,63539,67583,0,64,6.56,6.12,16268,0,0,0,17249,6833
1779672911.9410582,15433,2249,16104,0,63539,67583,0,64,6.56,6.12,15980,0,0,0,17249,6833
1779672912.0419753,15503,2604,15819,0,63539,67583,0,64,6.56,6.12,15696,0,0,0,17249,6833
1779672912.1409597,15534,2913,15541,0,63539,67583,0,64,6.56,6.12,15417,0,0,0,17249,6833
1779672912.241482,15549,3011,15447,0,63539,67583,0,64,6.56,6.12,15324,0,0,0,17249,6833
1779672912.3413324,15480,2916,15474,0,63539,67583,0,64,6.27,5.91,15350,0,0,0,17249,6833
1779672912.440728,15480,2892,15498,0,63539,67583,0,64,6.27,5.91,15375,0,0,0,17249,6833
1779672912.541518,15482,2862,15530,0,63539,67583,0,64,6.27,5.91,15406,0,0,0,17249,6833
1779672912.640203,15451,2815,15546,0,63539,67583,0,64,6.27,5.91,15422,0,0,0,17249,6833
1779672912.7403533,15442,2790,15562,0,63539,67583,0,64,6.27,5.91,15439,0,0,0,17249,6833
1779672912.8410833,15467,2785,15592,0,63539,67583,0,64,6.27,5.91,15469,0,0,0,17249,6833
1779672912.9408987,15454,2732,15631,0,63539,67583,0,64,6.27,5.91,15508,0,0,0,17249,6833
1779672913.0407207,15439,2679,15670,0,63539,67583,0,64,6.27,5.91,15547,0,0,0,17249,6833
1779672913.1406503,15418,2625,15703,0,63539,67583,0,64,6.27,5.91,15580,0,0,0,17249,6833
1779672913.2416008,15307,2483,15733,0,63539,67583,0,64,6.27,5.91,15611,0,0,0,17249,6833
1779672913.3418944,15305,2446,15770,0,63539,67583,0,64,6.27,5.91,15647,0,0,0,17249,6833
1779672913.4406374,15317,2418,15809,0,63539,67583,0,64,6.27,5.91,15685,0,0,0,17249,6833
1779672913.5409536,15308,2370,15847,0,63539,67583,0,64,6.27,5.91,15724,0,0,0,17249,6833
1779672913.6405845,15313,2352,15871,0,63539,67583,0,64,6.27,5.91,15747,0,0,0,17249,6833
1779672913.7402043,15277,2297,15889,0,63539,67583,0,64,6.27,5.91,15766,0,0,0,17249,6833
1779672913.8404841,15322,2323,15909,0,63539,67583,0,64,6.27,5.91,15785,0,0,0,17249,6833
1779672913.9403312,15307,2289,15927,0,63539,67583,0,64,6.27,5.91,15803,0,0,0,17249,6833
1779672914.0400941,15320,2283,15946,0,63539,67583,0,64,6.27,5.91,15823,0,0,0,17249,6833
1779672914.1402605,15319,2248,15980,0,63539,67583,0,64,6.27,5.91,15856,0,0,0,17249,6833
1779672914.2407157,15309,2200,16019,0,63539,67583,0,64,6.27,5.91,15895,0,0,0,17249,6833
1779672914.3408353,15295,2147,16057,0,63539,67583,0,64,5.14,4.84,15934,0,0,0,17249,6833
1779672914.4405847,15286,2101,16095,0,63539,67583,0,64,5.14,4.84,15971,0,0,0,17249,6833
1779672914.5403187,15303,2090,16122,0,63539,67583,0,64,5.14,4.84,15998,0,0,0,17249,6833
1779672914.6409357,15292,2045,16157,0,63539,67583,0,64,5.14,4.84,16034,0,0,0,17249,6833
1779672914.7405555,15258,1972,16196,0,63539,67583,0,64,5.14,4.84,16073,0,0,0,17249,6833
1779672914.8413053,15269,1944,16235,0,63539,67583,0,64,5.14,4.84,16112,0,0,0,17249,6833
1779672914.9407487,15275,1921,16263,0,63539,67583,0,64,5.14,4.84,16139,0,0,0,17249,6833
1779672915.040087,15276,1904,16281,0,63539,67583,0,64,5.14,4.84,16158,0,0,0,17249,6833
1779672915.1403031,15308,1911,16307,0,63539,67583,0,64,5.14,4.84,16183,0,0,0,17249,6833
1779672915.2402737,15388,1952,16346,0,63539,67583,0,64,5.14,4.84,16222,0,0,0,17249,6833
1779672915.340383,15395,1932,16372,0,63539,67583,0,64,5.14,4.84,16249,0,0,0,17249,6833
1779672915.4404168,15386,1894,16402,0,63539,67583,0,64,5.14,4.84,16279,0,0,0,17249,6833
1779672915.5405858,15363,1832,16441,0,63539,67583,0,64,5.14,4.84,16317,0,0,0,17249,6833
1779672915.6403766,15326,1757,16479,0,63539,67583,0,64,5.14,4.84,16356,0,0,0,17249,6833
1779672915.7404058,15343,1737,16515,0,63539,67583,0,64,5.14,4.84,16392,0,0,0,17249,6833
1779672915.8404572,15347,1703,16554,0,63539,67583,0,64,5.14,4.84,16431,0,0,0,17249,6833
1779672915.9405363,15331,1648,16593,0,63539,67583,0,64,5.14,4.84,16470,0,0,0,17249,6833
1779672916.040171,15348,1626,16632,0,63539,67583,0,64,5.14,4.84,16509,0,0,0,17249,6833
1779672916.1408913,15372,1628,16654,0,63539,67583,0,64,5.14,4.84,16530,0,0,0,17249,6833
1779672916.2403657,15385,1623,16672,0,63539,67583,0,64,5.14,4.84,16548,0,0,0,17249,6833
1779672916.3406367,15349,1555,16704,0,63539,67583,0,64,4.2,3.96,16580,0,0,0,17249,6833
1779672916.440612,15381,1548,16743,0,63539,67583,0,64,4.2,3.96,16619,0,0,0,17249,6833
1779672916.5401418,15369,1514,16765,0,63539,67583,0,64,4.2,3.96,16642,0,0,0,17249,6833
1779672916.6405768,15377,1498,16789,0,63539,67583,0,64,4.2,3.96,16666,0,0,0,17249,6833
1779672916.74126,15344,1431,16828,0,63539,67583,0,64,4.2,3.96,16705,0,0,0,17249,6833
1779672916.8409884,15400,1758,16558,0,63538,67583,0,64,4.2,3.96,16435,0,0,0,17249,6833
1779672916.9408214,15433,2082,16267,0,63538,67583,0,64,4.2,3.96,16144,0,0,0,17249,6833
1779672917.0411415,15436,2366,15985,0,63538,67583,0,64,4.2,3.96,15862,0,0,0,17249,6833
1779672917.1416008,15493,2704,15705,0,63538,67583,0,64,4.2,3.96,15581,0,0,0,17249,6833
1779672917.2407594,15504,2943,15470,0,63538,67583,0,64,4.2,3.96,15347,0,0,0,17249,6833
1779672917.3403175,15450,2865,15495,0,63538,67583,0,64,4.2,3.96,15372,0,0,0,17249,6833
1779672917.4405003,15468,2863,15514,0,63538,67583,0,64,4.2,3.96,15391,0,0,0,17249,6833
1779672917.5404556,15440,2798,15551,0,63538,67583,0,64,4.2,3.96,15428,0,0,0,17249,6833
1779672917.640733,15457,2776,15590,0,63538,67583,0,64,4.2,3.96,15467,0,0,0,17249,6833
1779672917.7404714,15430,2722,15617,0,63538,67583,0,64,4.2,3.96,15494,0,0,0,17249,6833
1779672917.8408542,15442,2711,15640,0,63538,67583,0,64,4.2,3.96,15518,0,0,0,17249,6833
1779672917.940727,15404,2634,15679,0,63538,67583,0,64,4.2,3.96,15557,0,0,0,17249,6833
1779672918.0402308,15418,2611,15717,0,63538,67583,0,64,4.2,3.96,15595,0,0,0,17249,6833
1779672918.1402092,15417,2575,15752,0,63538,67583,0,64,4.2,3.96,15629,0,0,0,17249,6833
1779672918.2406573,15418,2544,15784,0,63538,67583,0,64,4.2,3.96,15661,0,0,0,17249,6833
1779672918.3404424,15412,2499,15822,0,63538,67583,0,64,4.53,4.33,15699,0,0,0,17249,6833
1779672918.440837,15410,2460,15860,0,63538,67583,0,64,4.53,4.33,15737,0,0,0,17249,6833
1779672918.5408227,15399,2410,15899,0,63538,67583,0,64,4.53,4.33,15776,0,0,0,17249,6833
1779672918.640719,15430,2405,15936,0,63538,67583,0,64,4.53,4.33,15813,0,0,0,17249,6833
1779672918.7407672,15419,2362,15967,0,63538,67583,0,64,4.53,4.33,15844,0,0,0,17249,6833
1779672918.8403566,15399,2306,16003,0,63538,67583,0,64,4.53,4.33,15880,0,0,0,17249,6833
1779672918.9408286,15363,2251,16022,0,63538,67583,0,64,4.53,4.33,15899,0,0,0,17249,6833
1779672919.0407639,15366,2235,16041,0,63538,67583,0,64,4.53,4.33,15919,0,0,0,17249,6833
1779672919.140853,15375,2205,16080,0,63538,67583,0,64,4.53,4.33,15957,0,0,0,17249,6833
1779672919.2409608,15364,2156,16118,0,63538,67583,0,64,4.53,4.33,15995,0,0,0,17249,6833
1779672919.3407168,15347,2109,16148,0,63538,67583,0,64,4.53,4.33,16025,0,0,0,17249,6833
1779672919.4406962,15344,2069,16184,0,63538,67583,0,64,4.53,4.33,16062,0,0,0,17249,6833
1779672919.5407774,15339,2026,16223,0,63538,67583,0,64,4.53,4.33,16101,0,0,0,17249,6833
1779672919.6412795,15336,1986,16260,0,63538,67583,0,64,4.53,4.33,16137,0,0,0,17249,6833
1779672919.740209,15372,1998,16284,0,63538,67583,0,64,4.53,4.33,16161,0,0,0,17249,6833
1779672919.8410118,15383,1987,16306,0,63538,67583,0,64,4.53,4.33,16184,0,0,0,17249,6833
1779672919.940436,15367,1930,16346,0,63538,67583,0,64,4.53,4.33,16223,0,0,0,17249,6833
1779672920.0408576,15337,1862,16385,0,63538,67583,0,64,4.53,4.33,16262,0,0,0,17249,6833
1779672920.1402714,15352,1853,16409,0,63538,67583,0,64,4.53,4.33,16286,0,0,0,17249,6833
1779672920.2410064,15340,1818,16432,0,63538,67583,0,64,4.53,4.33,16309,0,0,0,17249,6833
1779672920.3406038,15352,1791,16471,0,63538,67583,0,64,3.71,3.55,16348,0,0,0,17249,6833
1779672920.4405465,15342,1742,16509,0,63538,67583,0,64,3.71,3.55,16386,0,0,0,17249,6833
1779672920.5406613,15323,1691,16542,0,63538,67583,0,64,3.71,3.55,16419,0,0,0,17249,6833
1779672920.6405845,15326,1655,16581,0,63538,67583,0,64,3.71,3.55,16458,0,0,0,17249,6833
1779672920.7404592,15336,1626,16620,0,63538,67583,0,64,3.71,3.55,16497,0,0,0,17249,6833
1779672920.8410234,15351,1602,16658,0,63538,67583,0,64,3.71,3.55,16536,0,0,0,17249,6833
1779672920.9404762,15351,1563,16698,0,63538,67583,0,64,3.71,3.55,16575,0,0,0,17249,6833
1779672921.04092,15321,1494,16737,0,63538,67583,0,64,3.71,3.55,16614,0,0,0,17249,6833
1779672921.1407814,15338,1472,16776,0,63538,67583,0,64,3.71,3.55,16653,0,0,0,17249,6833
1779672921.2409544,15367,1462,16815,0,63538,67583,0,64,3.71,3.55,16692,0,0,0,17249,6833
1779672921.341081,15382,1450,16842,0,63538,67583,0,64,3.71,3.55,16719,0,0,0,17249,6833
1779672921.440133,15386,1442,16854,0,63538,67583,0,64,3.71,3.55,16731,0,0,0,17249,6833
1779672921.540347,15370,1420,16860,0,63538,67583,0,64,3.71,3.55,16737,0,0,0,17249,6833
1779672921.640088,15376,1418,16867,0,63538,67583,0,64,3.71,3.55,16745,0,0,0,17249,6833
1779672921.741244,15407,1504,16812,0,63538,67583,0,64,3.71,3.55,16689,0,0,0,17249,6833
1779672921.8409243,15476,1887,16498,0,63538,67583,0,64,3.71,3.55,16376,0,0,0,17249,6833
1779672921.9420252,15472,2202,16180,0,63538,67583,0,64,3.71,3.55,16057,0,0,0,17249,6833
1779672922.0410903,15493,2529,15874,0,63538,67583,0,64,3.71,3.55,15751,0,0,0,17249,6833
1779672922.1407826,15481,2837,15553,0,63538,67583,0,64,3.71,3.55,15430,0,0,0,17249,6833
1779672922.2410474,15530,3009,15431,0,63538,67583,0,64,3.71,3.55,15309,0,0,0,17249,6833
1779672922.3406022,15502,2949,15463,0,63538,67583,0,64,4.12,3.99,15341,0,0,0,17249,6833
1779672922.4414425,15372,2813,15469,0,63538,67583,0,64,4.12,3.99,15347,0,0,0,17249,6833
1779672922.542589,15343,2778,15476,0,63538,67583,0,64,4.12,3.99,15354,0,0,0,17249,6833
1779672922.6408317,15328,2735,15503,0,63538,67583,0,64,4.12,3.99,15381,0,0,0,17249,6833
1779672922.7407565,15329,2732,15507,0,63538,67583,0,64,4.12,3.99,15386,0,0,0,17249,6833
1779672922.8405185,15342,2741,15511,0,63538,67583,0,64,4.12,3.99,15389,0,0,0,17249,6833
1779672922.9404914,15376,2771,15515,0,63538,67583,0,64,4.12,3.99,15392,0,0,0,17249,6833
1779672923.0402732,15366,2758,15518,0,63538,67583,0,64,4.12,3.99,15395,0,0,0,17249,6833
1779672923.1406777,15357,2744,15523,0,63538,67583,0,64,4.12,3.99,15400,0,0,0,17249,6833
1779672923.2403154,15341,2710,15541,0,63538,67583,0,64,4.12,3.99,15419,0,0,0,17249,6833
1779672923.3403533,15372,2722,15560,0,63538,67583,0,64,4.12,3.99,15438,0,0,0,17249,6833
1779672923.4404373,15371,2708,15573,0,63538,67583,0,64,4.12,3.99,15451,0,0,0,17249,6833
1779672923.5405579,15379,2694,15595,0,63538,67583,0,64,4.12,3.99,15473,0,0,0,17249,6833
1779672923.6406255,15374,2674,15610,0,63538,67583,0,64,4.12,3.99,15487,0,0,0,17249,6833
1779672923.741006,15376,2659,15627,0,63538,67583,0,64,4.12,3.99,15505,0,0,0,17249,6833
1779672923.8405561,15383,2644,15649,0,63538,67583,0,64,4.12,3.99,15526,0,0,0,17249,6833
1779672923.9405665,15349,2591,15668,0,63538,67583,0,64,4.12,3.99,15546,0,0,0,17249,6833
1779672924.0405257,15357,2576,15691,0,63538,67583,0,64,4.12,3.99,15569,0,0,0,17249,6833
1779672924.1402314,15361,2559,15713,0,63538,67583,0,64,4.12,3.99,15590,0,0,0,17249,6833
1779672924.2404406,15362,2553,15719,0,63538,67583,0,64,4.12,3.99,15596,0,0,0,17249,6833
1779672924.3409367,15374,2534,15750,0,63538,67583,0,64,4.12,3.99,15628,0,0,0,17249,6833
1779672924.440666,15427,2545,15791,0,63538,67583,0,64,3.37,3.27,15669,0,0,0,17249,6833
1779672924.54053,15411,2499,15821,0,63538,67583,0,64,3.37,3.27,15699,0,0,0,17249,6833
1779672924.6408966,15407,2462,15854,0,63538,67583,0,64,3.37,3.27,15732,0,0,0,17249,6833
1779672924.7407472,15393,2409,15893,0,63538,67583,0,64,3.37,3.27,15771,0,0,0,17249,6833
1779672924.8404665,15366,2343,15932,0,63538,67583,0,64,3.37,3.27,15810,0,0,0,17249,6833
1779672924.9409425,15380,2319,15971,0,63538,67583,0,64,3.37,3.27,15849,0,0,0,17249,6833
1779672925.0406442,15400,2300,16010,0,63538,67583,0,64,3.37,3.27,15888,0,0,0,17249,6833
1779672925.1404643,15442,2302,16049,0,63538,67583,0,64,3.37,3.27,15927,0,0,0,17249,6833
1779672925.2413146,15438,2259,16088,0,63538,67583,0,64,3.37,3.27,15966,0,0,0,17249,6833
1779672925.3408003,15412,2195,16127,0,63538,67583,0,64,3.37,3.27,16005,0,0,0,17249,6833
1779672925.4408638,15403,2146,16166,0,63538,67583,0,64,3.37,3.27,16044,0,0,0,17249,6833
1779672925.5408797,15383,2089,16203,0,63538,67583,0,64,3.37,3.27,16081,0,0,0,17249,6833
1779672925.6405118,15386,2061,16235,0,63538,67583,0,64,3.37,3.27,16113,0,0,0,17249,6833
1779672925.740586,15400,2052,16258,0,63538,67583,0,64,3.37,3.27,16135,0,0,0,17249,6833
1779672925.8412638,15361,1994,16277,0,63538,67583,0,64,3.37,3.27,16154,0,0,0,17249,6833
1779672925.9416192,15329,1944,16295,0,63538,67583,0,64,3.37,3.27,16173,0,0,0,17249,6833
1779672926.0402086,15369,1966,16313,0,63538,67583,0,64,3.37,3.27,16191,0,0,0,17249,6833
1779672926.1403666,15341,1921,16331,0,63538,67583,0,64,3.37,3.27,16209,0,0,0,17249,6833
1779672926.2404456,15365,1918,16356,0,63539,67583,0,64,3.37,3.27,16234,0,0,0,17249,6833
1779672926.3406813,15354,1886,16377,0,63540,67583,0,64,3.37,3.27,16255,0,0,0,17249,6833
1779672926.440976,15396,1911,16395,0,63540,67583,0,64,2.76,2.67,16272,0,0,0,17249,6833
1779672926.540736,15361,1847,16424,0,63540,67583,0,64,2.76,2.67,16302,0,0,0,17249,6833
1779672926.6406984,15379,1826,16462,0,63540,67583,0,64,2.76,2.67,16341,0,0,0,17249,6833
1779672926.740675,15377,1785,16501,0,63540,67583,0,64,2.76,2.67,16380,0,0,0,17249,6833
1779672926.8407257,15366,1735,16540,0,63540,67583,0,64,2.76,2.67,16419,0,0,0,17249,6833
1779672926.9407797,15354,1684,16580,0,63540,67583,0,64,2.76,2.67,16457,0,0,0,17249,6833
1779672927.0402236,15320,1623,16608,0,63540,67583,0,64,2.76,2.67,16484,0,0,0,17249,6833
1779672927.1403084,15326,1607,16629,0,63540,67583,0,64,2.76,2.67,16506,0,0,0,17249,6833
1779672927.2404203,15309,1573,16646,0,63540,67583,0,64,2.76,2.67,16523,0,0,0,17249,6833
1779672927.3405263,15358,1605,16662,0,63540,67583,0,64,2.76,2.67,16540,0,0,0,17249,6833
1779672927.4405348,15335,1565,16679,0,63540,67583,0,64,2.76,2.67,16556,0,0,0,17249,6833
1779672927.5405238,15327,1541,16696,0,63540,67583,0,64,2.76,2.67,16573,0,0,0,17249,6833
1779672927.6414523,15332,1529,16712,0,63540,67583,0,64,2.76,2.67,16589,0,0,0,17249,6833
1779672927.7414088,15333,1494,16748,0,63540,67583,0,64,2.76,2.67,16626,0,0,0,17249,6833
1779672927.8410244,15318,1440,16788,0,63540,67583,0,64,2.76,2.67,16665,0,0,0,17249,6833
1779672927.9410772,15389,1744,16563,0,63539,67583,0,64,2.76,2.67,16440,0,0,0,17249,6833
1779672928.0416024,15404,2042,16280,0,63539,67583,0,64,2.76,2.67,16157,0,0,0,17249,6833
1779672928.1406727,15478,2236,16152,0,63539,67583,0,64,2.76,2.67,16030,0,0,0,17249,6833
1779672928.2406244,15448,2167,16191,0,63539,67583,0,64,2.76,2.67,16069,0,0,0,17249,6833
1779672928.3407385,15467,2148,16228,0,63539,67583,0,64,2.76,2.67,16107,0,0,0,17249,6833
1779672928.4404676,15444,2094,16260,0,63539,67583,0,64,2.8,2.73,16138,0,0,0,17249,6833
1779672928.540486,15454,2065,16298,0,63539,67583,0,64,2.8,2.73,16176,0,0,0,17249,6833
1779672928.640728,15423,1996,16337,0,63539,67583,0,64,2.8,2.73,16215,0,0,0,17249,6833
1779672928.7407045,15414,1948,16375,0,63539,67583,0,64,2.8,2.73,16253,0,0,0,17249,6833
1779672928.8403869,15395,1904,16401,0,63539,67583,0,64,2.8,2.73,16279,0,0,0,17249,6833
1779672928.9412675,15380,1871,16419,0,63539,67583,0,64,2.8,2.73,16296,0,0,0,17249,6833
1779672929.040187,15363,1830,16443,0,63539,67583,0,64,2.8,2.73,16321,0,0,0,17249,6833
1779672929.1403964,15378,1805,16483,0,63539,67583,0,64,2.8,2.73,16360,0,0,0,17249,6833
1779672929.2403808,15418,1817,16510,0,63539,67583,0,64,2.8,2.73,16387,0,0,0,17249,6833
1779672929.3408153,15426,1798,16537,0,63539,67583,0,64,2.8,2.73,16415,0,0,0,17249,6833
1779672929.4406009,15421,1754,16576,0,63539,67583,0,64,2.8,2.73,16454,0,0,0,17249,6833
1779672929.5409057,15406,1701,16614,0,63539,67583,0,64,2.8,2.73,16492,0,0,0,17249,6833
1779672929.6403592,15409,1673,16646,0,63539,67583,0,64,2.8,2.73,16524,0,0,0,17249,6833
1779672929.7409375,15429,1657,16682,0,63539,67583,0,64,2.8,2.73,16559,0,0,0,17249,6833
1779672929.8407311,15393,1582,16720,0,63539,67583,0,64,2.8,2.73,16598,0,0,0,17249,6833
1779672929.9406765,15400,1550,16759,0,63539,67583,0,64,2.8,2.73,16637,0,0,0,17249,6833
1779672930.0402765,15385,1503,16792,0,63539,67583,0,64,2.8,2.73,16669,0,0,0,17249,6833
1779672930.1402755,15377,1476,16810,0,63539,67583,0,64,2.8,2.73,16689,0,0,0,17249,6833
1779672930.2407138,15362,1431,16841,0,63539,67583,0,64,2.8,2.73,16719,0,0,0,17249,6833
1779672930.3410573,15477,1753,16634,0,63539,67583,0,64,2.8,2.73,16511,0,0,0,17249,6833
1779672930.4402165,15512,1894,16528,0,63538,67583,0,64,2.29,2.24,16406,0,0,0,17249,6833
1779672930.5410466,15486,1848,16548,0,63538,67583,0,64,2.29,2.24,16427,0,0,0,17249,6833
1779672930.640882,15500,1822,16587,0,63538,67583,0,64,2.29,2.24,16466,0,0,0,17249,6833
1779672930.7408886,15490,1773,16626,0,63538,67583,0,64,2.29,2.24,16505,0,0,0,17249,6833
1779672930.8404233,15472,1727,16654,0,63538,67583,0,64,2.29,2.24,16532,0,0,0,17249,6833
1779672930.9408498,15463,1698,16675,0,63538,67583,0,64,2.29,2.24,16554,0,0,0,17249,6833
1779672931.0409112,15446,1642,16714,0,63538,67583,0,64,2.29,2.24,16593,0,0,0,17249,6833
1779672931.140644,15439,1596,16753,0,63538,67583,0,64,2.29,2.24,16632,0,0,0,17249,6833
1779672931.240295,15403,1520,16792,0,63538,67583,0,64,2.29,2.24,16671,0,0,0,17249,6833
1779672931.340248,15416,1509,16817,0,63538,67583,0,64,2.29,2.24,16695,0,0,0,17249,6833
1779672931.4407449,15441,1503,16847,0,63538,67583,0,64,2.29,2.24,16726,0,0,0,17249,6833
1779672931.5407984,15471,1495,16886,0,63538,67583,0,64,2.29,2.24,16764,0,0,0,17249,6833
1779672931.6406453,15434,1419,16925,0,63538,67583,0,64,2.29,2.24,16804,0,0,0,17249,6833
1779672931.7416084,15504,1628,16785,0,63537,67583,0,64,2.29,2.24,16664,0,0,0,17249,6833
1779672931.8412771,15509,1699,16719,0,63536,67583,0,64,2.29,2.24,16599,0,0,0,17249,6833
1779672931.9408548,15498,1651,16757,0,63536,67583,0,64,2.29,2.24,16637,0,0,0,17249,6833
1779672932.040853,15489,1606,16793,0,63536,67583,0,64,2.29,2.24,16673,0,0,0,17249,6833
1779672932.140621,15457,1534,16832,0,63536,67583,0,64,2.29,2.24,16712,0,0,0,17249,6833
1779672932.2404883,15472,1510,16871,0,63536,67583,0,64,2.29,2.24,16751,0,0,0,17249,6833
1779672932.3406024,15463,1462,16910,0,63536,67583,0,64,2.29,2.24,16790,0,0,0,17249,6833
1779672932.4410696,15440,1422,16927,0,63536,67583,0,64,1.88,1.83,16808,0,0,0,17249,6833
1779672932.5417488,15561,1653,16813,0,63513,67583,0,64,1.88,1.83,16755,0,0,0,17249,6833
1779672932.6427774,15714,1841,16779,0,63486,67583,0,64,1.88,1.83,16755,0,0,0,17249,6833
1779672932.744204,15921,2024,16802,0,63429,67583,0,64,1.88,1.83,16782,0,0,0,17249,6833
1779672932.8437,15951,2083,16774,0,63421,67583,0,64,1.88,1.83,16810,0,0,0,17249,6833
1779672932.9424841,15923,2026,16802,0,63421,67583,0,64,1.88,1.83,16839,0,0,0,17249,6833
1779672933.041776,15928,2006,16828,0,63421,67583,0,64,1.88,1.83,16864,0,0,0,17249,6833
1779672933.1416817,15938,1989,16854,0,63421,67583,0,64,1.88,1.83,16891,0,0,0,17249,6833
1779672933.2416868,15901,1925,16882,0,63421,67583,0,64,1.88,1.83,16917,0,0,0,17249,6833
1779672933.3423812,15896,1901,16900,0,63421,67583,0,64,1.88,1.83,16935,0,0,0,17249,6833
1779672933.442095,15863,1840,16929,0,63421,67583,0,64,1.88,1.83,16964,0,0,0,17249,6833
1779672933.5421863,15894,1842,16958,0,63421,67583,0,64,1.88,1.83,16993,0,0,0,17249,6833
1779672933.6416936,15913,1836,16983,0,63421,67583,0,64,1.88,1.83,17018,0,0,0,17249,6833
1779672933.7438126,15897,1800,17002,0,63421,67583,0,64,1.88,1.83,17038,0,0,0,17249,6833
1779672933.84224,15875,1778,17002,0,63421,67583,0,64,1.88,1.83,17038,0,0,0,17249,6833
1779672933.94171,15893,1790,17008,0,63421,67583,0,64,1.88,1.83,17044,0,0,0,17249,6833
1779672934.0424228,15866,1758,17014,0,63421,67583,0,64,1.88,1.83,17049,0,0,0,17249,6833
1779672934.1422727,15843,1730,17019,0,63421,67583,0,64,1.88,1.83,17054,0,0,0,17249,6833
1779672934.2431293,15818,1703,17020,0,63421,67583,0,64,1.88,1.83,17056,0,0,0,17249,6833
1779672934.3471344,15861,1747,17020,0,63421,67583,0,64,1.88,1.83,17056,0,0,0,17249,6833
1779672934.4459174,15859,1745,17020,0,63421,67583,0,64,2.26,2.04,17056,0,0,0,17249,6833
1779672934.5423467,15870,1756,17020,0,63421,67583,0,64,2.26,2.04,16422,0,0,0,17249,6833
1779672934.6425388,15860,1745,17020,0,63421,67583,0,64,2.26,2.04,13138,0,0,0,17249,6833
1779672934.742509,15852,1737,17020,0,63421,67583,0,64,2.26,2.04,9536,0,0,0,17249,6833
1779672934.8417137,15860,1746,17020,0,63421,67583,0,64,2.26,2.04,5851,0,0,0,17249,6833
1779672934.9423819,15904,1789,17021,0,63421,67583,0,64,2.26,2.04,2757,0,0,0,17249,6833
1779672935.0416973,15871,1756,17023,0,63421,67583,0,64,2.26,2.04,231,0,0,0,18799,5283
1779672935.1437097,15723,1607,17152,0,63421,67583,0,64,2.26,2.04,380,0,0,0,19297,4785
1779672935.242337,15632,1519,17285,0,63422,67583,0,64,2.26,2.04,516,0,0,0,19301,4781
1779672935.3418112,15585,1453,17306,0,63423,67583,0,64,2.26,2.04,553,0,0,0,19341,4741
1779672935.4429185,15598,1464,17307,0,63400,67583,0,64,2.26,2.04,574,0,0,0,19351,4731
1779672935.542555,15672,1545,17301,0,63342,67583,0,64,2.26,2.04,608,0,0,0,19351,4731
1779672935.6436424,15659,1528,17327,0,63259,67583,0,64,2.26,2.04,672,0,0,0,19985,4097
1779672935.7443466,15457,1325,17494,0,63166,67583,0,64,2.26,2.04,838,0,0,0,19985,4097
1779672935.8436348,15366,1232,17572,0,63071,67583,0,64,2.26,2.04,925,0,0,0,19995,4087
1779672935.9467058,15285,1149,17574,0,62976,67583,0,64,2.26,2.04,1020,0,0,0,20017,4065
1779672936.0453272,15287,1150,17575,0,62880,67583,0,64,2.26,2.04,1032,0,0,0,20017,4065
1779672936.1795268,15273,1136,17575,0,62781,67583,0,64,2.26,2.04,1032,0,0,0,20017,4065
1779672936.605108,15278,1145,17574,0,62670,67583,0,64,2.26,2.04,1032,0,0,0,20017,4065
1779672936.6494076,15289,1164,17564,0,62527,67583,0,64,6.02,5.47,1032,0,0,0,20017,4065
1779672936.7253575,15300,1176,17564,0,62396,67583,0,64,6.02,5.47,1032,0,0,0,20017,4065
1779672936.82657,15323,1199,17563,0,62300,67583,0,64,6.02,5.47,1032,0,0,0,20017,4065
1779672936.9267364,15356,1232,17563,0,62203,67583,0,64,6.02,5.47,1032,0,0,0,20017,4065
1779672937.02603,15385,1259,17565,0,62108,67583,0,64,6.02,5.47,1032,0,0,0,20017,4065
1779672937.1261983,15372,1246,17565,0,62012,67583,0,64,6.02,5.47,1032,0,0,0,20017,4065
1779672937.2264569,15350,1224,17565,0,61916,67583,0,64,6.02,5.47,1032,0,0,0,20017,4065
1779672937.3261013,15341,1215,17565,0,61821,67583,0,64,6.02,5.47,1032,0,0,0,20017,4065
1779672937.426034,15327,1201,17565,0,61725,67583,0,64,6.02,5.47,1032,0,0,0,20017,4065
1779672937.5257733,15317,1191,17565,0,61629,67583,0,64,6.02,5.47,1032,0,0,0,20017,4065
1779672937.6257684,15308,1181,17565,0,61534,67583,0,64,6.02,5.47,1032,0,0,0,20017,4065
1779672937.7263663,15300,1174,17565,0,61438,67583,0,64,6.02,5.47,1032,0,0,0,20017,4065
1779672937.8270907,15281,1154,17565,0,61343,67583,0,64,6.02,5.47,1032,0,0,0,20017,4065
1779672937.9267178,15279,1152,17565,0,61248,67583,0,64,6.02,5.47,1032,0,0,0,20017,4065
1779672938.0483165,15282,1155,17565,0,61155,67583,0,64,6.02,5.47,1032,0,0,0,20017,4065
